{"0":{"_FOLD_fullpath":null,"_FOLD_filename":"20210707_87s","_FOLD_date":"20210707","_FOLD_cell":"87s","IV_baseline":-56.2900155783,"IV_resistance":null,"IV_resistance_interp":236.3788022334,"IV_tc":13.6427421884,"IV_sagratio_I=-90pA":0.4086337686,"IV_sagratio_I=-90pA_pct":144.7179079056,"IV_sagratio_tgt=0.015V":0.6276241541,"IV_sagratio_tgt=0.015V_pct":59.3310236931,"IV_rheobase":20.0,"IV_avg_spike_threshold":-37.4298095703,"IV_avg_spike_peak":7.7972412109,"IV_avg_spike_amplitude":45.2270507812,"IV_avg_spike_half_width":1.29,"IV_avg_spike_max_rise_slope":102615.3797283769,"IV_avg_spike_max_fall_slope":-38146.969745867,"IV_avg_spike_ahp":2.6519186795,"IV_avg_spike_thr2ahp":13.5803259909,"IV_first_spike_delay":33.38,"IV_first_spike_interval":140.5,"IV_last_spike_interval":797.98,"IV_first_div_last_spike_interval":0.1760695757,"IV_sfa_freq_lin":0.0054536561,"IV_sfa_freq_log":0.0785988146,"IV_sfa_freq_div":10.180887372,"IV_sfa_peak_lin":0.0000280146,"IV_sfa_peak_log":0.003366034,"IV_sfa_peak_div":1.150197506,"IV_max_nb_spikes":24,"IV_max_freq":12.0,"IV_firing_pattern":"tonic regular","IV_evoked_spikes_(-95)pA":0,"IV_evoked_spikes_(-90)pA":0,"IV_evoked_spikes_(-85)pA":0,"IV_evoked_spikes_(-80)pA":0,"IV_evoked_spikes_(-75)pA":0,"IV_evoked_spikes_(-70)pA":0,"IV_evoked_spikes_(-65)pA":0,"IV_evoked_spikes_(-60)pA":0,"IV_evoked_spikes_(-55)pA":0,"IV_evoked_spikes_(-50)pA":0,"IV_evoked_spikes_(-45)pA":0,"IV_evoked_spikes_(-40)pA":0,"IV_evoked_spikes_(-35)pA":0,"IV_evoked_spikes_(-30)pA":0,"IV_evoked_spikes_(-25)pA":0,"IV_evoked_spikes_(-20)pA":0,"IV_evoked_spikes_(-15)pA":0,"IV_evoked_spikes_(-10)pA":0,"IV_evoked_spikes_(-5)pA":0,"IV_evoked_spikes_(0)pA":0,"IV_evoked_spikes_(5)pA":0,"IV_evoked_spikes_(10)pA":0,"IV_evoked_spikes_(15)pA":0,"IV_evoked_spikes_(20)pA":2,"IV_evoked_spikes_(25)pA":3,"IV_evoked_spikes_(30)pA":7,"IV_evoked_spikes_(35)pA":15,"IV_evoked_spikes_(40)pA":21,"IV_evoked_spikes_(45)pA":18,"IV_evoked_spikes_(50)pA":23,"IV_evoked_spikes_(55)pA":22,"IV_evoked_spikes_(60)pA":22,"IV_evoked_spikes_(65)pA":22,"IV_evoked_spikes_(70)pA":22,"IV_evoked_spikes_(75)pA":20,"IV_evoked_spikes_(80)pA":21,"IV_evoked_spikes_(85)pA":23,"IV_evoked_spikes_(90)pA":23,"IV_evoked_spikes_(95)pA":24,"IV_rebound_spikes_(-95)pA":1,"IV_rebound_spikes_(-90)pA":1,"IV_rebound_spikes_(-85)pA":0,"IV_rebound_spikes_(-80)pA":0,"IV_rebound_spikes_(-75)pA":0,"IV_rebound_spikes_(-70)pA":0,"IV_rebound_spikes_(-65)pA":0,"IV_rebound_spikes_(-60)pA":0,"IV_rebound_spikes_(-55)pA":0,"IV_rebound_spikes_(-50)pA":0,"IV_rebound_spikes_(-45)pA":0,"IV_rebound_spikes_(-40)pA":0,"IV_rebound_spikes_(-35)pA":0,"IV_rebound_spikes_(-30)pA":0,"IV_rebound_spikes_(-25)pA":0,"IV_rebound_spikes_(-20)pA":0,"IV_rebound_spikes_(-15)pA":0,"IV_rebound_spikes_(-10)pA":0,"IV_rebound_spikes_(-5)pA":0,"IV_rebound_spikes_(0)pA":0,"IV_rebound_spikes_(5)pA":0,"IV_rebound_spikes_(10)pA":0,"IV_rebound_spikes_(15)pA":0,"IV_rebound_spikes_(20)pA":0,"IV_rebound_spikes_(25)pA":0,"IV_rebound_spikes_(30)pA":0,"IV_rebound_spikes_(35)pA":0,"IV_rebound_spikes_(40)pA":0,"IV_rebound_spikes_(45)pA":0,"IV_rebound_spikes_(50)pA":0,"IV_rebound_spikes_(55)pA":0,"IV_rebound_spikes_(60)pA":0,"IV_rebound_spikes_(65)pA":0,"IV_rebound_spikes_(70)pA":0,"IV_rebound_spikes_(75)pA":0,"IV_rebound_spikes_(80)pA":0,"IV_rebound_spikes_(85)pA":0,"IV_rebound_spikes_(90)pA":0,"IV_rebound_spikes_(95)pA":0,"AHP_5_10Hz_min":null,"RAMP_slope_-40":-343.7808135783,"RAMP_slope_-120":-983.0344680412,"RAMP_iorect_40_over_120":0.3498361159,"RHEO_baseline":-50.6591573358,"RHEO_rheobase":15.0,"RHEO_spike_threshold":-39.3981970847,"RHEO_spike_peak":9.4604492188,"RHEO_spike_amplitude":48.8586463034,"RHEO_spike_half_width":1.3,"RHEO_spike_max_rise_slope":109558.1147819757,"RHEO_spike_max_fall_slope":-38146.9749845564,"RHEO_spike_ahp":-2.2583007812}}