	0
_FOLD_fullpath	
_FOLD_filename	20210707_87s
_FOLD_date	20210707
_FOLD_cell	87s
IV_baseline	-56.29001557826996
IV_resistance	
IV_resistance_interp	236.37880223344763
IV_tc	13.642742188357483
IV_sagratio_I=-90pA	0.4086337685585022
IV_sagratio_I=-90pA_pct	144.7179079055786
IV_sagratio_tgt=0.015V	0.6276241540908813
IV_sagratio_tgt=0.015V_pct	59.33102369308472
IV_rheobase	20.0
IV_avg_spike_threshold	-37.4298095703125
IV_avg_spike_peak	7.7972412109375
IV_avg_spike_amplitude	45.22705078125
IV_avg_spike_half_width	1.2899999999999998
IV_avg_spike_max_rise_slope	102615.37972837688
IV_avg_spike_max_fall_slope	-38146.96974586696
IV_avg_spike_ahp	2.6519186794757843
IV_avg_spike_thr2ahp	13.580325990915298
IV_first_spike_delay	33.38000000000002
IV_first_spike_interval	140.5
IV_last_spike_interval	797.9799999999999
IV_first_div_last_spike_interval	0.17606957567858847
IV_sfa_freq_lin	0.005453656126482211
IV_sfa_freq_log	0.07859881455498147
IV_sfa_freq_div	10.180887372013643
IV_sfa_peak_lin	2.801464916586051e-05
IV_sfa_peak_log	0.003366034021490647
IV_sfa_peak_div	1.1501975059509277
IV_max_nb_spikes	24
IV_max_freq	12.000000000000002
IV_firing_pattern	tonic regular
IV_evoked_spikes_(-95)pA	0
IV_evoked_spikes_(-90)pA	0
IV_evoked_spikes_(-85)pA	0
IV_evoked_spikes_(-80)pA	0
IV_evoked_spikes_(-75)pA	0
IV_evoked_spikes_(-70)pA	0
IV_evoked_spikes_(-65)pA	0
IV_evoked_spikes_(-60)pA	0
IV_evoked_spikes_(-55)pA	0
IV_evoked_spikes_(-50)pA	0
IV_evoked_spikes_(-45)pA	0
IV_evoked_spikes_(-40)pA	0
IV_evoked_spikes_(-35)pA	0
IV_evoked_spikes_(-30)pA	0
IV_evoked_spikes_(-25)pA	0
IV_evoked_spikes_(-20)pA	0
IV_evoked_spikes_(-15)pA	0
IV_evoked_spikes_(-10)pA	0
IV_evoked_spikes_(-5)pA	0
IV_evoked_spikes_(0)pA	0
IV_evoked_spikes_(5)pA	0
IV_evoked_spikes_(10)pA	0
IV_evoked_spikes_(15)pA	0
IV_evoked_spikes_(20)pA	2
IV_evoked_spikes_(25)pA	3
IV_evoked_spikes_(30)pA	7
IV_evoked_spikes_(35)pA	15
IV_evoked_spikes_(40)pA	21
IV_evoked_spikes_(45)pA	18
IV_evoked_spikes_(50)pA	23
IV_evoked_spikes_(55)pA	22
IV_evoked_spikes_(60)pA	22
IV_evoked_spikes_(65)pA	22
IV_evoked_spikes_(70)pA	22
IV_evoked_spikes_(75)pA	20
IV_evoked_spikes_(80)pA	21
IV_evoked_spikes_(85)pA	23
IV_evoked_spikes_(90)pA	23
IV_evoked_spikes_(95)pA	24
IV_rebound_spikes_(-95)pA	1
IV_rebound_spikes_(-90)pA	1
IV_rebound_spikes_(-85)pA	0
IV_rebound_spikes_(-80)pA	0
IV_rebound_spikes_(-75)pA	0
IV_rebound_spikes_(-70)pA	0
IV_rebound_spikes_(-65)pA	0
IV_rebound_spikes_(-60)pA	0
IV_rebound_spikes_(-55)pA	0
IV_rebound_spikes_(-50)pA	0
IV_rebound_spikes_(-45)pA	0
IV_rebound_spikes_(-40)pA	0
IV_rebound_spikes_(-35)pA	0
IV_rebound_spikes_(-30)pA	0
IV_rebound_spikes_(-25)pA	0
IV_rebound_spikes_(-20)pA	0
IV_rebound_spikes_(-15)pA	0
IV_rebound_spikes_(-10)pA	0
IV_rebound_spikes_(-5)pA	0
IV_rebound_spikes_(0)pA	0
IV_rebound_spikes_(5)pA	0
IV_rebound_spikes_(10)pA	0
IV_rebound_spikes_(15)pA	0
IV_rebound_spikes_(20)pA	0
IV_rebound_spikes_(25)pA	0
IV_rebound_spikes_(30)pA	0
IV_rebound_spikes_(35)pA	0
IV_rebound_spikes_(40)pA	0
IV_rebound_spikes_(45)pA	0
IV_rebound_spikes_(50)pA	0
IV_rebound_spikes_(55)pA	0
IV_rebound_spikes_(60)pA	0
IV_rebound_spikes_(65)pA	0
IV_rebound_spikes_(70)pA	0
IV_rebound_spikes_(75)pA	0
IV_rebound_spikes_(80)pA	0
IV_rebound_spikes_(85)pA	0
IV_rebound_spikes_(90)pA	0
IV_rebound_spikes_(95)pA	0
AHP_5_10Hz_min	
RAMP_slope_-40	-343.78081357828626
RAMP_slope_-120	-983.0344680411592
RAMP_iorect_40_over_120	0.34983611585216867
RHEO_baseline	-50.65915733575821
RHEO_rheobase	15.0
RHEO_spike_threshold	-39.3981970846653
RHEO_spike_peak	9.46044921875
RHEO_spike_amplitude	48.8586463034153
RHEO_spike_half_width	1.2999999999999998
RHEO_spike_max_rise_slope	109558.11478197575
RHEO_spike_max_fall_slope	-38146.97498455644
RHEO_spike_ahp	-2.25830078125
