{"0":{"_FOLD_fullpath":null,"_FOLD_filename":"5199-cfc-yfp-1","_FOLD_animal":"5199","_FOLD_behavior":"cfc","_FOLD_labelling":"yfp","_FOLD_number":"1","IV_baseline":-70.6788003445,"IV_resistance":-289.2011026417,"IV_resistance_interp":-143.6063366037,"IV_tc":52994.2301949446,"IV_sagratio_I=-100pA":0.931227684,"IV_sagratio_I=-100pA_pct":7.385122031,"IV_sagratio_tgt=0.015V":0.9210404754,"IV_sagratio_tgt=0.015V_pct":8.5728637874,"IV_rheobase":60.0,"IV_avg_spike_threshold":-30.9999994934,"IV_avg_spike_peak":32.2875007987,"IV_avg_spike_amplitude":63.2874965668,"IV_avg_spike_half_width":1.78,"IV_avg_spike_max_rise_slope":144843.754824251,"IV_avg_spike_max_fall_slope":-37031.2435552478,"IV_avg_spike_ahp":3.4908689559,"IV_avg_spike_thr2ahp":15.6937502325,"IV_first_spike_delay":25.5,"IV_first_spike_interval":13.86,"IV_last_spike_interval":242.68,"IV_first_div_last_spike_interval":0.0571122466,"IV_sfa_freq_lin":0.0014591169,"IV_sfa_freq_log":0.0527566514,"IV_sfa_freq_div":5.7878787879,"IV_sfa_peak_lin":0.0002935471,"IV_sfa_peak_log":null,"IV_sfa_peak_div":-16.75,"IV_max_nb_spikes":22,"IV_max_freq":27.5,"IV_firing_pattern":"transient","IV_evoked_spikes_(-200)pA":0,"IV_evoked_spikes_(-180)pA":0,"IV_evoked_spikes_(-160)pA":0,"IV_evoked_spikes_(-140)pA":0,"IV_evoked_spikes_(-120)pA":0,"IV_evoked_spikes_(-100)pA":0,"IV_evoked_spikes_(-80)pA":0,"IV_evoked_spikes_(-60)pA":0,"IV_evoked_spikes_(-40)pA":0,"IV_evoked_spikes_(-20)pA":0,"IV_evoked_spikes_(0)pA":0,"IV_evoked_spikes_(20)pA":0,"IV_evoked_spikes_(40)pA":0,"IV_evoked_spikes_(60)pA":1,"IV_evoked_spikes_(80)pA":1,"IV_evoked_spikes_(100)pA":3,"IV_evoked_spikes_(120)pA":5,"IV_evoked_spikes_(140)pA":8,"IV_evoked_spikes_(160)pA":10,"IV_evoked_spikes_(180)pA":12,"IV_evoked_spikes_(200)pA":14,"IV_evoked_spikes_(220)pA":16,"IV_evoked_spikes_(240)pA":18,"IV_evoked_spikes_(260)pA":20,"IV_evoked_spikes_(280)pA":20,"IV_evoked_spikes_(300)pA":22,"IV_rebound_spikes_(-200)pA":0,"IV_rebound_spikes_(-180)pA":0,"IV_rebound_spikes_(-160)pA":0,"IV_rebound_spikes_(-140)pA":0,"IV_rebound_spikes_(-120)pA":0,"IV_rebound_spikes_(-100)pA":0,"IV_rebound_spikes_(-80)pA":0,"IV_rebound_spikes_(-60)pA":0,"IV_rebound_spikes_(-40)pA":0,"IV_rebound_spikes_(-20)pA":0,"IV_rebound_spikes_(0)pA":0,"IV_rebound_spikes_(20)pA":0,"IV_rebound_spikes_(40)pA":0,"IV_rebound_spikes_(60)pA":0,"IV_rebound_spikes_(80)pA":0,"IV_rebound_spikes_(100)pA":0,"IV_rebound_spikes_(120)pA":0,"IV_rebound_spikes_(140)pA":0,"IV_rebound_spikes_(160)pA":0,"IV_rebound_spikes_(180)pA":0,"IV_rebound_spikes_(200)pA":0,"IV_rebound_spikes_(220)pA":0,"IV_rebound_spikes_(240)pA":0,"IV_rebound_spikes_(260)pA":0,"IV_rebound_spikes_(280)pA":0,"IV_rebound_spikes_(300)pA":0,"INPUTR_res":405.2579402924,"INPUTR_tc":24.1579426114,"INPUTR_baseline":-71.4983642101,"INPUTR_sagratio":0.9785869718,"SPON_baseline":null,"SPON_frequency":null,"SPON_avg_spike_threshold":null,"SPON_avg_spike_peak":null,"SPON_avg_spike_amplitude":null,"SPON_avg_spike_half_width":null,"SPON_avg_spike_max_rise_slope":null,"SPON_avg_spike_max_fall_slope":null,"SPON_avg_spike_ahp":null,"TC_tc_neg":11.8268344341,"TC_tc_pos":16.6958254485,"AHP_5_20Hz_min":1.6620531678,"AHP_5_40Hz_min":2.453930676,"AHP_5_60Hz_min":1.8877387047,"AHP_5_80Hz_min":1.9934773445,"AHP_5_100Hz_min":2.2958293557,"AHP_5_120Hz_min":2.7852207422,"AHP_5_200Hz_min":2.3967698216,"AHP_15_20Hz_min":1.7500519753,"AHP_15_20Hz_1s":0.5391165614,"AHP_15_50Hz_min":3.4252926707,"AHP_15_50Hz_1s":0.7784292102,"RES_resonnance":0.5714285714,"RES_impedance":284.3650579453,"RAMP_slope_-40":null,"RAMP_slope_-120":null,"RAMP_iorect_40_over_120":null}}