	0
_FOLD_fullpath	
_FOLD_filename	5199-cfc-yfp-1
_FOLD_animal	5199
_FOLD_behavior	cfc
_FOLD_labelling	yfp
_FOLD_number	1
IV_baseline	-70.67880034446716
IV_resistance	-289.2011026416558
IV_resistance_interp	-143.60633660370019
IV_tc	52994.230194944634
IV_sagratio_I=-100pA	0.9312276840209961
IV_sagratio_I=-100pA_pct	7.3851220309734344
IV_sagratio_tgt=0.015V	0.9210404753684998
IV_sagratio_tgt=0.015V_pct	8.572863787412643
IV_rheobase	60.0
IV_avg_spike_threshold	-30.99999949336052
IV_avg_spike_peak	32.28750079870224
IV_avg_spike_amplitude	63.28749656677246
IV_avg_spike_half_width	1.7799999999999996
IV_avg_spike_max_rise_slope	144843.75482425097
IV_avg_spike_max_fall_slope	-37031.24355524779
IV_avg_spike_ahp	3.490868955850601
IV_avg_spike_thr2ahp	15.693750232458115
IV_first_spike_delay	25.499999999999968
IV_first_spike_interval	13.859999999999983
IV_last_spike_interval	242.68
IV_first_div_last_spike_interval	0.05711224657985818
IV_sfa_freq_lin	0.0014591168831168825
IV_sfa_freq_log	0.05275665137122122
IV_sfa_freq_div	5.787878787878779
IV_sfa_peak_lin	0.0002935470747096199
IV_sfa_peak_log	
IV_sfa_peak_div	-16.75
IV_max_nb_spikes	22
IV_max_freq	27.5
IV_firing_pattern	transient
IV_evoked_spikes_(-200)pA	0
IV_evoked_spikes_(-180)pA	0
IV_evoked_spikes_(-160)pA	0
IV_evoked_spikes_(-140)pA	0
IV_evoked_spikes_(-120)pA	0
IV_evoked_spikes_(-100)pA	0
IV_evoked_spikes_(-80)pA	0
IV_evoked_spikes_(-60)pA	0
IV_evoked_spikes_(-40)pA	0
IV_evoked_spikes_(-20)pA	0
IV_evoked_spikes_(0)pA	0
IV_evoked_spikes_(20)pA	0
IV_evoked_spikes_(40)pA	0
IV_evoked_spikes_(60)pA	1
IV_evoked_spikes_(80)pA	1
IV_evoked_spikes_(100)pA	3
IV_evoked_spikes_(120)pA	5
IV_evoked_spikes_(140)pA	8
IV_evoked_spikes_(160)pA	10
IV_evoked_spikes_(180)pA	12
IV_evoked_spikes_(200)pA	14
IV_evoked_spikes_(220)pA	16
IV_evoked_spikes_(240)pA	18
IV_evoked_spikes_(260)pA	20
IV_evoked_spikes_(280)pA	20
IV_evoked_spikes_(300)pA	22
IV_rebound_spikes_(-200)pA	0
IV_rebound_spikes_(-180)pA	0
IV_rebound_spikes_(-160)pA	0
IV_rebound_spikes_(-140)pA	0
IV_rebound_spikes_(-120)pA	0
IV_rebound_spikes_(-100)pA	0
IV_rebound_spikes_(-80)pA	0
IV_rebound_spikes_(-60)pA	0
IV_rebound_spikes_(-40)pA	0
IV_rebound_spikes_(-20)pA	0
IV_rebound_spikes_(0)pA	0
IV_rebound_spikes_(20)pA	0
IV_rebound_spikes_(40)pA	0
IV_rebound_spikes_(60)pA	0
IV_rebound_spikes_(80)pA	0
IV_rebound_spikes_(100)pA	0
IV_rebound_spikes_(120)pA	0
IV_rebound_spikes_(140)pA	0
IV_rebound_spikes_(160)pA	0
IV_rebound_spikes_(180)pA	0
IV_rebound_spikes_(200)pA	0
IV_rebound_spikes_(220)pA	0
IV_rebound_spikes_(240)pA	0
IV_rebound_spikes_(260)pA	0
IV_rebound_spikes_(280)pA	0
IV_rebound_spikes_(300)pA	0
INPUTR_res	405.2579402923584
INPUTR_tc	24.157942611375788
INPUTR_baseline	-71.49836421012878
INPUTR_sagratio	0.9785869717597961
SPON_baseline	
SPON_frequency	
SPON_avg_spike_threshold	
SPON_avg_spike_peak	
SPON_avg_spike_amplitude	
SPON_avg_spike_half_width	
SPON_avg_spike_max_rise_slope	
SPON_avg_spike_max_fall_slope	
SPON_avg_spike_ahp	
TC_tc_neg	11.826834434112385
TC_tc_pos	16.69582544853568
AHP_5_20Hz_min	1.6620531678199768
AHP_5_40Hz_min	2.453930675983429
AHP_5_60Hz_min	1.8877387046813965
AHP_5_80Hz_min	1.9934773445129395
AHP_5_100Hz_min	2.2958293557167053
AHP_5_120Hz_min	2.785220742225647
AHP_5_200Hz_min	2.3967698216438293
AHP_15_20Hz_min	1.7500519752502441
AHP_15_20Hz_1s	0.5391165614128113
AHP_15_50Hz_min	3.425292670726776
AHP_15_50Hz_1s	0.7784292101860046
RES_resonnance	0.5714285714285714
RES_impedance	284.36505794525146
RAMP_slope_-40	
RAMP_slope_-120	
RAMP_iorect_40_over_120	
